-0.18668937683105, -0.14937877655029, -0.11900520324707, -0.076473951339722, -0.048442363739014, -0.089800834655762, -0.044836759567261, -0.050726413726807, -0.068691253662109, -0.13488268852234, -0.14765882492065, -0.14970541000366, -0.16002345085144, -0.15470743179321, -0.18452286720276, -0.15497899055481, -0.13059902191162, -0.12326812744141, -0.12506675720215, -0.027177333831787, -0.052486658096313, -0.046098709106445, -0.056790828704834, -0.0061697959899902, -0.020431280136108, -0.024212598800659, 0.0086197853088379, 0.10245585441589, 0.14205765724182, 0.034035682678223, 0.084944009780884, -0.035433053970337, -0.19962811470032, -0.42677497863769, -0.49424755573273, -0.5401531457901, -0.62280547618866, -0.60370123386383, -0.57703864574432, -0.53557646274567, -0.58181631565094, -0.56512665748596, -0.58229923248291, -0.58789694309235, -0.54176139831543
-0.18668937683105, -0.1443247795105, -0.12251996994019, -0.08050274848938, -0.065333366394043, -0.088467597961426, -0.069474697113037, -0.098757982254028, -0.1162223815918, -0.16689682006836, -0.19275689125061, -0.21306562423706, -0.2449586391449, -0.25438499450684, -0.2175784111023, -0.22016501426697, -0.16514945030212, -0.20555734634399, -0.19881796836853, -0.10698843002319, -0.13433051109314, -0.18284678459168, -0.22394227981567, -0.25575304031372, -0.28348708152771, -0.30529713630676, -0.24936532974243, -0.15896105766296, -0.11313724517822, -0.21190786361694, -0.13063287734985, -0.10552978515625, -0.10914611816406, -0.22722911834717, -0.27385592460632, -0.28554224967956, -0.35636949539185, -0.3784167766571, -0.39244365692139, -0.36311185359955, -0.4492369890213, -0.44871783256531, -0.51243507862091, -0.55538547039032, -0.54176139831543
-0.18668937683105, -0.13964009284973, -0.12738585472107, -0.084787130355835, -0.080373764038086, -0.084994554519653, -0.098326444625855, -0.14431142807007, -0.16080379486084, -0.19458699226379, -0.2085645198822, -0.21463465690613, -0.22872948646545, -0.23188972473145, -0.1567747592926, -0.14545679092407, -0.087937116622925, -0.090282917022705, -0.11256170272827, 0.0063045024871826, -0.017164945602417, -0.064736127853393, -0.091607093811035, -0.12155771255493, -0.16844582557678, -0.17246079444885, -0.1174476146698, -0.14723420143127, -0.12738108634949, -0.24800419807434, 0.1504635810852, 0.16451835632324, -0.092188835144043, -0.080732822418213, -0.10515904426575, -0.053896903991699, -0.02306056022644, -0.054861545562744, -0.11922121047974, -0.14099884033203, -0.28912401199341, -0.31362295150757, -0.43580186367035, -0.52109932899475, -0.54176139831543
-0.18668937683105, -0.13535261154175, -0.13452696800232, -0.08930778503418, -0.094185352325439, -0.079488039016724, -0.11268782615662, -0.13177943229675, -0.12487936019898, -0.10921430587769, -0.10735082626343, -0.09978461265564, -0.10214376449585, -0.054906606674194, -0.015632629394531, -0.015021085739136, 0.007190465927124, 0.032051086425781, 1.4543533325195e-005, 0.083353996276855, 0.064903497695923, 0.021287679672241, 0.0028958320617676, -0.01995038986206, -0.068603038787842, -0.095557451248169, -0.05310869216919, -0.085567951202393, -0.11069655418396, 0.025270700454712, 0.72174859046936, 0.73624420166016, 0.079714775085449, -0.026479005813599, -0.15598249435425, -0.11402010917664, -0.091831207275391, -0.045484066009521, 0.029133558273315, 0.13068580627441, -0.085176229476929, -0.15554189682007, -0.35174012184143, -0.48511135578156, -0.54176139831543
-0.18668937683105, -0.13147854804993, -0.14259147644043, -0.095478057861328, -0.10576105117798, -0.086004257202148, -0.0826256275177, -0.085281610488892, -0.074635982513428, -0.013060808181763, 0.0047175884246826, -0.0042152404785156, -0.0028266906738281, 0.00075101852416992, 0.0090668201446533, 0.0024151802062988, 0.0053479671478272, 0.046491384506226, 0.049007654190063, 0.073546171188355, 0.0423264503479, 0.027745485305786, 0.0023348331451416, -0.020999431610107, -0.048781633377075, -0.092957019805908, -0.086442232131958, 0.01568341255188, -0.092926979064941, 0.23159003257752, 0.67802357673645, 0.6648530960083, 0.89929986000061, 0.16101598739624, -0.17997121810913, -0.17917943000793, -0.16142511367798, -0.089169502258301, -0.0091273784637451, 0.094185829162598, 0.1040768623352, 0.029938936233521, -0.25957143306732, -0.44752264022827, -0.54176139831543
-0.18668937683105, -0.1280460357666, -0.15155363082886, -0.10103726387024, -0.080920219421387, -0.095195293426514, -0.05000114440918, -0.037156820297241, -0.02307391166687, 0.012949228286743, -0.014146566390991, -0.04342794418335, 0.0091328620910644, 0.0011634826660156, 0.012619256973267, -0.01044487953186, -0.021298408508301, -0.027556657791138, 0.0059959888458252, 0.013944387435913, -0.012881278991699, 0.036363363265991, -0.0025036334991455, 0.045144319534302, 0.061564445495606, 0.020083665847778, 0.067003488540649, 0.20365118980408, 0.23975229263306, 0.56520938873291, 0.81716585159302, 0.96410536766052, 0.89227557182312, 0.42787146568298, 0.10429692268372, -0.11894345283508, -0.19542503356934, -0.13251113891602, -0.023019313812256, 0.06035041809082, 0.08047080039978, 0.20459151268005, -0.15860056877136, -0.40847897529602, -0.54176139831543
-0.18668937683105, -0.12507057189941, -0.1613929271698, -0.10042238235474, -0.055817604064941, -0.10135126113892, -0.016531705856323, -0.019866943359375, -0.021053791046143, -0.011745929718018, -0.041909694671631, -0.07156229019165, -0.030134201049805, 0.017283439636231, -0.01473069190979, -0.063148021697998, -0.062053680419922, -0.087286472320557, -0.040156602859497, 0.030607938766479, -0.043059110641479, 0.0064263343811035, -0.02313756942749, -0.04334306716919, -0.055365800857544, -0.072495698928833, -0.071707963943481, 0.0014705657958984, 0.0091581344604492, 0.18605375289917, 0.65295958518982, 0.72217726707458, 0.50045442581177, 0.5321946144104, 0.28169250488281, -0.0091516971588135, -0.12542748451233, -0.10459041595459, -0.038772821426392, 0.027127742767334, 0.060570478439331, 0.16563129425049, -0.048162460327148, -0.36815416812897, -0.54176139831543
-0.18668937683105, -0.12235331535339, -0.17207789421082, -0.10025835037231, -0.037648200988769, -0.065799951553345, -0.041500568389893, -0.044482707977295, -0.019518852233887, -0.032805204391479, -0.056113958358765, -0.039414405822754, -0.016379833221435, 0.021445035934448, -0.040891885757446, -0.11248564720154, -0.077796936035156, -0.027394771575928, 0.0048589706420898, 0.031641006469727, -0.015024185180664, -0.01602578163147, -0.018673419952393, 0.0093564987182617, -0.051096200942993, -0.071703195571899, 0.3126528263092, 0.30733823776245, 0.33921670913696, 0.33313131332398, 0.30041265487671, 0.17445921897888, 0.29772067070007, 0.43843340873718, 0.29825353622437, 0.0039265155792236, -0.087194204330444, -0.11367440223694, -0.05510687828064, -0.0048227310180664, 0.039439201354981, 0.12543082237244, 0.072344064712524, -0.32677376270294, -0.54176139831543
-0.18668937683105, -0.11866879463196, -0.17893981933594, -0.10445141792297, -0.049128293991089, -0.03533148765564, -0.074880361557007, -0.06875729560852, -0.018371343612671, 0.015400886535645, -0.0067048072814941, 6.8187713623047e-005, -0.020002365112305, -0.059200763702393, -0.099426507949829, -0.11545205116272, -0.045661211013794, 0.024097442626953, 0.0042035579681397, 0.0034348964691162, -0.018855094909668, 0.023642778396606, 0.041324615478516, 0.13520646095276, 0.1103413105011, 0.092333793640137, 0.21014714241028, 0.17539834976196, 0.31119799613953, 0.35763001441956, 0.92227458953857, 1.3908295631409, 1.7155907154083, 0.91205430030823, 0.56125617027283, 0.0066237449645996, -0.066460609436035, -0.13905692100525, -0.058998584747315, -0.037123203277588, 0.021331787109375, 0.082452774047852, 0.12721037864685, -0.28459775447845, -0.54176330566406
-0.18668937683105, -0.11528587341309, -0.17516469955444, -0.11032271385193, -0.062182664871216, -0.023864269256592, -0.10074281692505, -0.093994140625, -0.033958673477173, -0.00051951408386231, 0.068987846374512, 0.0420081615448, -0.07074761390686, -0.12380266189575, -0.14620018005371, -0.027482509613037, 0.091312885284424, 0.054266214370727, -0.024822950363159, 0.035317897796631, 0.055349826812744, 0.076221942901611, 0.10202646255493, 0.085946083068848, 0.05719518661499, 0.064174890518189, 0.21828246116638, 0.2040388584137, 0.30311751365662, 0.59277248382568, 0.74556493759155, 0.95888614654541, 1.2098648548126, 1.094468832016, 0.44266843795776, 0.03267240524292, -0.028769254684448, -0.12009596824646, -0.06572961807251, -0.052942514419556, -0.0036914348602295, 0.043302297592163, 0.10399055480957, -0.24193787574768, -0.54176330566406
-0.18668937683105, -0.11222457885742, -0.16573429107666, -0.10016846656799, -0.072211265563965, -0.028070449829102, -0.090866327285767, -0.10774183273315, -0.026128053665161, -0.032310485839844, 0.13068461418152, 0.16424226760864, -0.018664360046387, 0.13792729377747, -0.042952537536621, 0.012378931045532, 0.050810813903809, 0.049839496612549, 0.02056360244751, 0.005305290222168, 0.076129198074341, 0.11563396453857, 0.08575963973999, 0.12514996528625, 0.12565755844116, 0.13361215591431, 0.17340660095215, 0.17625617980957, 0.18423080444336, 0.31153774261475, 0.43797755241394, 0.59104514122009, 0.80941891670227, 1.0408186912537, 0.8129677772522, 0.041926383972168, 0.005692720413208, -0.060288429260254, -0.078755140304565, -0.065598487854004, -0.055314540863037, 0.0055456161499023, 0.082129001617432, -0.19915199279785, -0.54176330566406
-0.18668937683105, -0.10949945449829, -0.15313744544983, -0.090038061141968, -0.086605548858643, -0.051442146301269, -0.075152635574341, -0.076330423355102, -0.012211322784424, -0.036296367645264, 0.13029336929321, 0.28258800506592, -0.2754967212677, 0.0034472942352295, 0.0068304538726807, 0.0018198490142822, 0.036358118057251, 0.035883903503418, 0.055705547332764, 0.038821458816528, 0.10911393165588, 0.090388298034668, -0.01530909538269, -0.078781843185425, -0.08167552947998, -0.071854114532471, -0.055898189544678, -0.031897306442261, 0, 0.10747647285461, 0.17812919616699, 0.29342007637024, 0.46525955200195, 0.73021006584168, 0.42944741249085, -0.036579847335815, 0.008885383605957, 0.00036025047302246, -0.086259603500366, -0.079013824462891, -0.093457698822021, -0.030749320983887, 0.0615394115448, -0.15663957595825, -0.54176330566406
-0.18668937683105, -0.10713410377502, -0.13959860801697, -0.078816175460815, -0.10119652748108, -0.07518458366394, -0.037325382232666, 0.0031228065490723, 0.0028116703033447, 0.021331548690796, 0.14244794845581, -0.20261025428772, -0.27813625335693, -0.14379334449768, -0.026508331298828, -0.011300086975098, 0.0076475143432617, 0.03316068649292, 0.061256170272827, 0.067260265350342, 0.022112607955933, -0.068860292434692, -0.13253808021545, -0.19303107261658, -0.19191813468933, -0.17270755767822, -0.14647006988525, -0.12348437309265, -0.084492444992065, -0.046923875808716, -0.018228530883789, 0.046463251113892, 0.26863431930542, 0.42255234718323, 0.38225221633911, 0.022963523864746, 0.017151594161987, 0.030683279037476, -0.059250354766846, -0.094122648239136, -0.11723875999451, -0.065521478652954, 0.042277574539185, -0.11485195159912, -0.54176330566406
-0.18668937683105, -0.10513782501221, -0.1246976852417, -0.066485643386841, -0.11599826812744, -0.09814715385437, -0.015575408935547, 0.012741565704346, 0.018319129943848, 0.045299530029297, 0.15834188461304, -0.33131861686706, -0.23531246185303, -0.096027851104736, -0.031787395477295, -0.029678583145142, -0.0050380229949951, -0.025733470916748, 0.012464046478272, -0.045675754547119, -0.093310117721558, -0.18610620498657, -0.26298332214356, -0.28790187835693, -0.28525042533875, -0.25532221794128, -0.22460961341858, -0.19192600250244, -0.14371871948242, -0.12268877029419, -0.080668926239014, -0.014830589294434, 0.11498045921326, 0.273108959198, 0.44359540939331, 0.14976954460144, 0.013136386871338, 0.029670476913452, -0.041238307952881, -0.11693263053894, -0.13942122459412, -0.098700761795044, 0.024391412734985, -0.074262857437134, -0.54176330566406
-0.18668937683105, -0.10352754592895, -0.10881924629211, -0.055388689041138, -0.13637971878052, -0.12697076797485, 0.0096750259399414, -0.019651889801025, 0.019555568695068, 0.031231164932251, -0.35791778564453, -0.25768327713013, -0.13890290260315, 0.0060300827026367, -0.0066902637481689, -0.015107154846191, -0.014679431915283, -0.02439284324646, -0.076751470565796, -0.12659239768982, -0.19663524627686, -0.27774953842163, -0.39964103698731, -0.39759922027588, -0.41285681724548, -0.32288599014282, -0.27766275405884, -0.23473381996155, -0.19836497306824, -0.17209410667419, -0.12051129341125, -0.062885522842407, 0.0017862319946289, 0.1597375869751, 0.36729121208191, 0.39619922637939, 0.041168928146362, 0.027090549468994, -0.037319660186768, -0.14016199111938, -0.1527419090271, -0.12950253486633, 0.0099720954895019, -0.035387516021729, -0.54176330566406
-0.18668937683105, -0.10231161117554, -0.092002868652344, -0.06595253944397, -0.15520906448364, -0.12634754180908, 0.02325177192688, 0.0046353340148926, -0.019375562667847, 0.055028438568115, -0.37186646461487, -0.24187874794006, -0.11373591423035, -0.012494325637817, 0.015716314315796, 0.010444164276123, -0.021060943603516, -0.093491792678833, -0.14635610580444, -0.19792151451111, -0.25269174575806, -0.38894963264465, -0.54069948196411, -0.53575396537781, -0.5709388256073, -0.52673268318176, -0.34296798706055, -0.27436971664429, -0.24038076400757, -0.19982266426086, -0.15433883666992, -0.10856366157532, -0.020143747329712, 0.11683249473572, 0.3773238658905, 0.45231294631958, 0.073212385177612, -0.013306617736816, -0.030546426773071, -0.16328167915344, -0.16571879386902, -0.1475133895874, -0.0028848648071289, 0.0012450218200684, -0.54176330566406
-0.18668937683105, -0.10150265693665, -0.074161052703857, -0.083059787750244, -0.1559009552002, -0.12608695030212, 0.018804311752319, 0.033723115921021, -0.017435550689697, 0.039722681045532, -0.3505699634552, -0.23011565208435, -0.099805355072021, -0.047540187835693, -0.00023770332336426, -0.011375427246094, -0.070513725280762, -0.13989043235779, -0.20674109458923, -0.25538301467896, -0.29667615890503, -0.45332813262939, -0.55630087852478, -0.55772209167481, -0.56202173233032, -0.56931161880493, -0.5142822265625, -0.30407071113586, -0.26221108436585, -0.2254159450531, -0.19181442260742, -0.12576365470886, -0.037088871002197, 0.061614274978638, 0.32427334785461, 0.40904498100281, 0.086264848709106, -0.030771970748901, -0.13391423225403, -0.18004941940308, -0.18118238449097, -0.16338086128235, -0.01100492477417, 0.035104513168335, -0.54176330566406
-0.18668937683105, -0.1011049747467, -0.072713851928711, -0.098472118377686, -0.17350554466248, -0.13488149642944, 0.014013051986694, 0.030293941497803, 0.031986713409424, 0.035295486450195, -0.3307888507843, -0.21038913726807, -0.071118354797363, -0.076668739318848, -0.04959774017334, -0.064435243606567, -0.11464428901672, -0.18414497375488, -0.24180698394775, -0.27593994140625, -0.37401294708252, -0.49248909950256, -0.53925132751465, -0.54064464569092, -0.54481291770935, -0.5518798828125, -0.56203317642212, -0.41882538795471, -0.28370213508606, -0.25648808479309, -0.20406627655029, -0.13225483894348, -0.048990726470947, 0.067892074584961, 0.28126645088196, 0.33847045898438, 0.11691379547119, -0.084510564804077, -0.19695782661438, -0.19228839874268, -0.1896390914917, -0.16793870925903, -0.015806913375854, 0.065669536590576, -0.54176330566406
-0.18668937683105, -0.10112380981445, -0.073297739028931, -0.11246967315674, -0.19666218757629, -0.14637923240662, -0.0017740726470947, 0.041872978210449, 0.043506622314453, -0.41071248054504, -0.30723023414612, -0.19523000717163, -0.085747718811035, -0.045896053314209, -0.035690307617188, -0.092028379440308, -0.14885878562927, -0.20195889472961, -0.25211453437805, -0.32214021682739, -0.38190674781799, -0.4384651184082, -0.49986505508423, -0.52707409858704, -0.53113722801208, -0.53802680969238, -0.54792618751526, -0.53456449508667, -0.38748025894165, -0.27776193618774, -0.22791290283203, -0.17709350585938, -0.098244428634644, 0.052791357040405, 0.23199892044067, 0.27080726623535, 0.2064368724823, -0.10147619247437, -0.2145938873291, -0.20668864250183, -0.19312953948975, -0.16942238807678, -0.018932342529297, 0.092440605163574, -0.54176330566406
-0.18668937683105, -0.10135746002197, -0.096007108688355, -0.15634036064148, -0.22028589248657, -0.1502366065979, -0.015130281448364, 0.052490949630737, 0.079885005950928, -0.3648943901062, -0.27668237686157, -0.18014812469482, -0.084834575653076, -0.0035068988800049, -0.055133819580078, -0.11397552490234, -0.16408777236938, -0.21533823013306, -0.26470255851746, -0.30020022392273, -0.35441470146179, -0.408611536026, -0.4665435552597, -0.51662302017212, -0.52060556411743, -0.53835415840149, -0.60245227813721, -0.60069990158081, -0.51838254928589, -0.40151953697205, -0.29416275024414, -0.23990774154663, -0.11892986297607, 0.0276939868927, 0.19196128845215, 0.21693563461304, 0.27678155899048, -0.10747671127319, -0.21982407569885, -0.22888398170471, -0.19628834724426, -0.16467308998108, -0.021682262420654, 0.114985704422, -0.54176330566406
-0.18668937683105, -0.10173988342285, -0.12253165245056, -0.20377659797668, -0.26171922683716, -0.15963554382324, -0.011012554168701, 0.076196193695068, 0.11969614028931, -0.321857213974, -0.25315642356873, -0.17438340187073, -0.081325531005859, -0.0046823024749756, -0.07202672958374, -0.13088798522949, -0.18056201934815, -0.22772455215454, -0.26457381248474, -0.29075706005096, -0.33700776100159, -0.38518512248993, -0.43780422210693, -0.4980970621109, -0.58182096481323, -0.63477599620819, -0.68654608726501, -0.6471700668335, -0.59721803665161, -0.57847309112549, -0.44561862945557, -0.26195931434631, -0.13615393638611, -0.00068497657775879, 0.11600542068481, 0.19344830513, 0.30093240737915, -0.10393643379211, -0.22446227073669, -0.24050998687744, -0.18876433372498, -0.1595356464386, -0.022740125656128, 0.13402366638184, -0.54176330566406
-0.18668937683105, -0.10164594650269, -0.15028381347656, -0.23456478118897, -0.28490161895752, -0.1802408695221, -0.0024764537811279, 0.09005856513977, 0.12847280502319, -0.30713772773743, -0.23286700248718, -0.15183901786804, -0.056420087814331, -0.0070052146911621, -0.073036670684814, -0.13138008117676, -0.18502688407898, -0.23533606529236, -0.27336120605469, -0.3261913061142, -0.37715339660644, -0.4283732175827, -0.48074305057526, -0.54960131645203, -0.71628475189209, -0.75542366504669, -0.73989486694336, -0.70142030715942, -0.65705919265747, -0.62222051620483, -0.49109506607056, -0.28274941444397, -0.16855025291443, -0.057351589202881, 0.037036657333374, 0.17961645126343, 0.2944974899292, -0.08987021446228, -0.21379232406616, -0.22131943702698, -0.17884087562561, -0.15319561958313, -0.022121429443359, 0.14785861968994, -0.54176330566406
-0.18668937683105, -0.10179305076599, -0.16630625724793, -0.2413866519928, -0.30684399604797, -0.19456601142883, -0.016649007797241, 0.08804178237915, 0.12945675849915, -0.30378007888794, -0.23691511154175, -0.1597113609314, -0.05044960975647, -0.0046215057373047, -0.073832988739014, -0.13508915901184, -0.19066786766052, -0.24044561386108, -0.28481149673462, -0.34778916835785, -0.41160297393799, -0.46851098537445, -0.62591373920441, -0.75237429141998, -0.7581741809845, -0.76800858974457, -0.78213906288147, -0.75468397140503, -0.70018196105957, -0.64657235145569, -0.56565046310425, -0.33587265014648, -0.22632122039795, -0.099349498748779, 0, 0.17560482025147, 0.32125806808472, -0.064881801605225, -0.20748615264893, -0.19934391975403, -0.17017149925232, -0.15060544013977, -0.019541263580322, 0.15512108802795, -0.54176330566406
-0.18668937683105, -0.10242986679077, -0.17069983482361, -0.25549364089966, -0.32260370254517, -0.21105337142944, -0.02874755859375, 0.086649179458618, 0.13521718978882, -0.3105800151825, -0.23704886436462, -0.16083264350891, -0.051265239715576, -0.0062804222106934, -0.07513427734375, -0.13482189178467, -0.18862056732178, -0.23840594291687, -0.27309703826904, -0.33784711360931, -0.4058403968811, -0.47760140895844, -0.71477997303009, -0.75237429141998, -0.75817441940308, -0.76800858974457, -0.78213930130005, -0.80095767974854, -0.74223232269287, -0.6793532371521, -0.61041355133057, -0.42862367630005, -0.26668357849121, -0.13511204719543, 0.011048793792725, 0.17953395843506, 0.33700704574585, -0.052753448486328, -0.21148490905762, -0.21469306945801, -0.16790747642517, -0.15541100502014, -0.015275001525879, 0.15725517272949, -0.54176330566406
-0.18668937683105, -0.10355639457703, -0.17452096939087, -0.2633855342865, -0.34015846252441, -0.2318377494812, -0.02698016166687, 0.090274095535278, 0.12393832206726, -0.33006763458252, -0.25847339630127, -0.18023276329041, -0.05991792678833, -0.0028166770935059, -0.069883108139038, -0.12870311737061, -0.18221378326416, -0.23223543167114, -0.26728105545044, -0.33361208438873, -0.40182781219482, -0.44286906719208, -0.50275409221649, -0.75605750083923, -0.76188611984253, -0.77176916599274, -0.78596878051758, -0.8048791885376, -0.77387833595276, -0.71994376182556, -0.61197423934937, -0.44463562965393, -0.27260875701904, -0.14988613128662, -0.0023899078369141, 0.17056226730347, 0.34022974967956, -0.062643766403198, -0.23030042648315, -0.2234058380127, -0.16468906402588, -0.15997672080994, -0.014236450195313, 0.15424919128418, -0.54176330566406
-0.18668937683105, -0.10516476631165, -0.17757534980774, -0.26766800880432, -0.35100436210632, -0.22345495223999, -0.020471334457397, 0.084258079528809, 0.12318539619446, -0.34207820892334, -0.27389192581177, -0.19753503799438, -0.073444366455078, 0.028669118881226, -0.055663824081421, -0.12052059173584, -0.17958903312683, -0.23504948616028, -0.26457357406616, -0.32237160205841, -0.35505509376526, -0.40398871898651, -0.45974099636078, -0.76351511478424, -0.76940131187439, -0.77938139438629, -0.79372119903564, -0.8128182888031, -0.83722901344299, -0.71233510971069, -0.56740570068359, -0.4029278755188, -0.26442337036133, -0.15366077423096, -0.019205570220947, 0.16660642623901, 0.34540605545044, -0.07453441619873, -0.240802526474, -0.23249506950378, -0.17289710044861, -0.15926027297974, -0.013542413711548, 0.14619302749634, -0.54176330566406
-0.18668937683105, -0.10724687576294, -0.1767680644989, -0.27536082267761, -0.36639046669006, -0.21864032745361, -0.032800436019898, 0.074731111526489, 0.13585472106934, -0.34301686286926, -0.28148698806763, -0.19528412818909, -0.070974826812744, 0.05231499671936, -0.048149585723877, -0.11444926261902, -0.16183686256409, -0.21136569976807, -0.25166463851929, -0.27826309204102, -0.31112813949585, -0.35010766983032, -0.40641927719116, -0.62209939956665, -0.78090882301331, -0.79103803634644, -0.80559229850769, -0.82497549057007, -0.8408534526825, -0.65281367301941, -0.51115536689758, -0.37495565414429, -0.2584080696106, -0.14693593978882, -0.011514186859131, 0.23061895370483, 0.3009877204895, -0.093680381774902, -0.24931812286377, -0.24771213531494, -0.19333839416504, -0.16989850997925, -0.010902881622315, 0.13327598571777, -0.54176330566406
-0.18668937683105, -0.10958766937256, -0.16985964775085, -0.29814171791077, -0.36530113220215, -0.24541616439819, -0.049906969070435, 0.069198369979858, 0.15089988708496, -0.337482213974, -0.28101563453674, -0.18570566177368, -0.069119215011597, 0.089202642440796, -0.035603284835815, -0.099855184555054, -0.15694546699524, -0.19591331481934, -0.22777247428894, -0.25907158851624, -0.26556897163391, -0.28427410125732, -0.37560963630676, -0.50658369064331, -0.79670596122742, -0.80704021453857, -0.82188940048218, -0.84166312217712, -0.78534030914307, -0.60461235046387, -0.45970487594604, -0.32835984230041, -0.24894213676453, -0.13816237449646, 0.0064284801483154, 0.22781682014465, 0.18412280082703, -0.12208914756775, -0.247971534729, -0.23577070236206, -0.21373796463013, -0.16638493537903, -0.00486159324646, 0.11577916145325, -0.54176330566406
-0.18668937683105, -0.11210608482361, -0.15971422195435, -0.31964468955994, -0.37274384498596, -0.27245426177978, -0.05525803565979, 0.065086603164673, 0.17381405830383, 0.14173173904419, -0.30907773971558, -0.24757289886475, -0.081122159957886, 0.086723804473877, -0.026535511016846, -0.092297315597534, -0.13404965400696, -0.16939854621887, -0.20861434936523, -0.23965573310852, -0.25842976570129, -0.27032279968262, -0.27229642868042, -0.46901607513428, -0.6719491481781, -0.82781934738159, -0.84305024147034, -0.86333441734314, -0.70521187782288, -0.48265838623047, -0.34464693069458, -0.26893877983093, -0.21083188056946, -0.11723232269287, 0.054732084274292, 0.23088788986206, 0.063905239105225, -0.15109992027283, -0.25197887420654, -0.23276400566101, -0.2144455909729, -0.15816926956177, 0.0075170993804932, 0.094058275222778, -0.54176330566406
-0.18668937683105, -0.11496257781982, -0.15227842330933, -0.33902382850647, -0.37722635269165, -0.29401588439941, -0.063016176223755, 0.057904243469238, 0.15729928016663, 0.15550875663757, -0.3976936340332, -0.27762937545776, -0.12224102020264, 0.040358304977417, -0.012109518051148, -0.06528639793396, -0.11276459693909, -0.15457725524902, -0.19010806083679, -0.21387910842895, -0.2336790561676, -0.26259160041809, -0.2781503200531, -0.38285684585571, -0.54457068443298, -0.66419315338135, -0.77936387062073, -0.77882599830627, -0.59184503555298, -0.371018409729, -0.27854537963867, -0.21283745765686, -0.11952471733093, -0.046202898025513, 0.15356707572937, 0.16687560081482, 0.17530655860901, -0.18244671821594, -0.2604124546051, -0.24303817749023, -0.21618485450745, -0.14711117744446, 0.021643877029419, 0.06853199005127, -0.54176330566406
-0.18668937683105, -0.11814284324646, -0.14574766159058, -0.34993886947632, -0.37868142127991, -0.35087943077087, -0.11399435997009, 0.038897275924683, 0.075733184814453, 0.155104637146, -0.31945753097534, -0.32198905944824, -0.16560769081116, 0.0056264400482178, 0.022078275680542, -0.043288230895996, -0.090097188949585, -0.13049030303955, -0.16205644607544, -0.18342304229736, -0.21122431755066, -0.24185800552368, -0.27393293380737, -0.36702489852905, -0.4559907913208, -0.53325176239014, -0.58130812644958, -0.58652806282044, -0.45815229415894, -0.30043053627014, -0.23249459266663, -0.144446849823, -0.045226812362671, 0.053611040115356, 0.26503586769104, 0.12698793411255, 0.14446091651917, -0.21436405181885, -0.26710844039917, -0.2502076625824, -0.21171021461487, -0.12980723381043, 0.035538911819458, 0.039665222167969, -0.54176330566406
-0.18668937683105, -0.11986565589905, -0.15059018135071, -0.34158658981323, -0.37931370735169, -0.3771071434021, -0.19127321243286, -0.046720743179321, 0.046360969543457, 0.12281012535095, -0.041857957839966, -0.34904408454895, -0.26098942756653, -0.052703857421875, -0.011271715164185, -0.010126829147339, -0.05821943283081, -0.099928140640259, -0.12771153450012, -0.15346360206604, -0.18579030036926, -0.21817946434021, -0.25817656517029, -0.30721306800842, -0.38866329193115, -0.44928026199341, -0.50296497344971, -0.4892897605896, -0.35956621170044, -0.26709342002869, -0.18986344337463, -0.10559678077698, 0, 0.18995428085327, 0.38915252685547, 0.1019880771637, -0.017804861068726, -0.24633121490478, -0.27520132064819, -0.25739407539368, -0.20521593093872, -0.10998678207398, 0.048942804336548, 0.0079548358917236, -0.54176330566406
-0.18668937683105, -0.12021946907044, -0.15333414077759, -0.331130027771, -0.37852048873901, -0.37265944480896, -0.27647566795349, -0.11694931983948, 0.0053870677947998, 0.10052061080933, 0.10683751106262, -0.41830492019653, -0.38363194465637, -0.22964406013489, -0.099527597427368, -0.049156427383423, -0.019590616226196, -0.057746171951294, -0.087612152099609, -0.12066626548767, -0.15304470062256, -0.19073987007141, -0.2371392250061, -0.26515078544617, -0.32051706314087, -0.36617136001587, -0.41126155853272, -0.38861083984375, -0.31793928146362, -0.21301794052124, -0.13493919372559, -0.046937704086304, 0, 0.32271456718445, 0.58720850944519, 0.057383060455322, -0.11973690986633, -0.27792072296143, -0.27083468437195, -0.25882196426392, -0.19675159454346, -0.088888168334961, 0.064017534255981, -0.026344537734985, -0.54176330566406
-0.18668937683105, -0.12102842330933, -0.14730668067932, -0.30718922615051, -0.36004710197449, -0.37355279922485, -0.38056921958923, -0.23775839805603, -0.011901140213013, 0.042736053466797, 0.01036548614502, -0.001802921295166, -0.44472408294678, -0.063086032867432, -0.053723335266113, -0.05672287940979, -0.061110258102417, -0.034950256347656, -0.0408034324646, -0.075259208679199, -0.11167216300964, -0.1501579284668, -0.17769360542297, -0.20472311973572, -0.23632502555847, -0.29014015197754, -0.34265184402466, -0.32600259780884, -0.2139790058136, -0.12723827362061, -0.043477535247803, 0, 0.039032697677612, 0.44490337371826, 0.90309596061706, 0.15910029411316, -0.14706826210022, -0.27740144729614, -0.26256680488586, -0.2545530796051, -0.18448042869568, -0.06584358215332, 0.080722332000732, -0.06399416923523, -0.54176330566406
-0.18668937683105, -0.12228441238403, -0.12810444831848, -0.2729697227478, -0.32838630676269, -0.38396954536438, -0.42391729354858, -0.33397340774536, -0.025121212005615, -0.024618864059448, -0.065762042999268, -0.078289985656738, -0.42402577400207, -0.073925256729126, -0.030631065368652, -0.076107978820801, -0.071815490722656, -0.048751592636108, -0.050203323364258, -0.013479232788086, -0.045820951461792, -0.077000617980957, -0.093481779098511, -0.13038325309753, -0.13189721107483, -0.16717863082886, -0.21931457519531, -0.19569253921509, -0.090295791625977, 0.014657020568848, 0.025349617004395, 0.025424957275391, 0.26433825492859, 0.57311820983887, 0.90925240516663, -0.0060205459594727, -0.19661927223206, -0.25564789772034, -0.25372672080994, -0.23316693305969, -0.17122340202332, -0.04123330116272, 0.098947525024414, -0.10286784172058, -0.54176330566406
-0.18668937683105, -0.12397313117981, -0.10361480712891, -0.2363429069519, -0.28637647628784, -0.38861322402954, -0.44063544273376, -0.45539307594299, -0.23744416236877, -0.060163974761963, -0.11138677597046, -0.1402804851532, -0.32520127296448, -0.22719073295593, 0.069482564926148, 0.0171058177948, -0.041226387023926, -0.028914928436279, -0.083980083465576, -0.12260580062866, -0.096515893936157, -0.0927574634552, -0.078901052474976, -0.1189112663269, -0.074874639511108, -0.043276786804199, -0.083765029907227, -0.045117855072021, 0.070569753646851, 0.19545865058899, 0.27283334732056, 0.33150482177734, 0.47687554359436, 0.74410223960876, 1.0701756477356, 0.67660593986511, -0.21053671836853, -0.21844553947449, -0.20992064476013, -0.21005797386169, -0.14354634284973, -0.013368844985962, 0.11836552619934, -0.14250612258911, -0.54176330566406
-0.18668937683105, -0.12608814239502, -0.078330993652344, -0.19831085205078, -0.24148654937744, -0.38716578483581, -0.4215247631073, -0.44236063957214, -0.41013073921204, -0.1818425655365, -0.16202688217163, -0.14824438095093, -0.21743965148926, -0.19847941398621, -0.18175363540649, 0.1273045539856, 0.029146671295166, 0.023272514343262, -0.011046648025513, -0.069793462753296, -0.057011127471924, -0.038511991500854, -0.040061950683594, -0.052406311035156, 0.018742084503174, 0.0095868110656738, -0.014755725860596, 0.04460859298706, 0.1267204284668, 0.25438976287842, 0.39727330207825, 0.52544856071472, 0.90621781349182, 1.1381523609161, 1.188095331192, 0.079775810241699, -0.15816688537598, -0.18361377716065, -0.17488884925842, -0.18995118141174, -0.10765504837036, 0.016749620437622, 0.13860464096069, -0.18247556686401, -0.54176330566406
-0.18668937683105, -0.12861037254333, -0.052319049835205, -0.15928363800049, -0.20031571388245, -0.35873293876648, -0.37870073318481, -0.40997791290283, -0.37525796890259, -0.35284471511841, -0.19297361373901, -0.16643762588501, -0.12444353103638, -0.13134622573853, -0.13217449188232, -0.1545262336731, -0.062034130096435, 0.10851430892944, 0.07709789276123, 0.021266222000122, 0.0688796043396, 0.085265874862671, 0.017165899276733, 0.038343667984009, 0.12759447097778, 0.0933837890625, 0.18292236328125, 0.18272256851196, 0.22715640068054, 0.44545555114746, 0.55766987800598, 0.71361303329468, 1.3695499897003, 1.3916761875153, 0.47638702392578, -0.0029969215393066, -0.099023342132568, -0.17515993118286, -0.15582609176636, -0.16943144798279, -0.072000741958618, 0.042906045913696, 0.16213655471802, -0.22239315509796, -0.54176330566406
-0.18668937683105, -0.13152456283569, -0.041167736053467, -0.11800956726074, -0.1689670085907, -0.2737832069397, -0.33701181411743, -0.36886143684387, -0.35069823265076, -0.34627652168274, -0.20668005943298, -0.18549537658691, -0.15207839012146, -0.1035008430481, -0.079439163208008, -0.12635612487793, -0.14617562294006, -0.11645555496216, -0.14319801330566, -0.084400415420532, -0.034603357315063, 0.059120893478393, 0.014322996139526, 0.021031856536865, 0.064668893814087, 0.2058470249176, 0.29635047912598, -0.037949085235596, -0.048836708068848, 0.1254026889801, 0.23720526695252, 0.342768907547, 0.66967248916626, 1.4360256195068, 0.24565935134888, 0.025336265563965, -0.045878410339356, -0.16851472854614, -0.14253044128418, -0.12730860710144, -0.02983832359314, 0.069110870361328, 0.11279678344727, -0.26191484928131, -0.54176139831543
-0.18668937683105, -0.13481330871582, -0.047476530075073, -0.071828126907349, -0.13380193710327, -0.19581413269043, -0.26697134971619, -0.33666133880615, -0.33769845962524, -0.31740856170654, -0.23066639900208, -0.1835560798645, -0.18705010414123, -0.13879227638245, -0.12877011299133, -0.12859892845154, -0.12367177009583, -0.10792994499207, -0.036755323410034, -0.065931558609009, -0.0073368549346924, 0.025146007537842, -0.02828311920166, -0.018154859542847, 0.04390287399292, -0.032846212387085, -0.073095560073852, 0.28264546394348, 0.46090173721313, 0.52234864234924, 0.89063286781311, 1.0053021907806, 1.2829685211182, 0.69425845146179, 0.29831337928772, 0.058618068695068, -0.077327966690064, -0.1352128982544, -0.13570499420166, -0.099069356918335, 0.010726690292358, 0.097847700119019, -0.0041911602020264, -0.30074441432953, -0.54176139831543
-0.18668937683105, -0.13848114013672, -0.054953336715698, -0.023573875427246, -0.072320938110352, -0.14209604263306, -0.21485257148743, -0.26783490180969, -0.27137017250061, -0.2970335483551, -0.26442766189575, -0.18123006820679, -0.17654705047607, -0.15502429008484, -0.1541211605072, -0.17925691604614, -0.19415092468262, -0.15097641944885, -0.026055335998535, -0.0077409744262695, 0.055114269256592, 0.039647817611694, 0.015951871871948, 0.074261665344238, 0.11374139785767, 0.063811779022217, 0.020446300506592, 0.020654678344727, 0.015235900878906, 0.23508262634277, 0.90958070755005, 1.0566604137421, 1.2958307266235, 0.92333555221558, 0.15375375747681, 0.029069662094116, -0.11259055137634, -0.10514259338379, -0.13602995872498, -0.086625099182129, 0.03722071647644, 0.13249206542969, -0.11018371582031, -0.33862733840942, -0.54176139831543
-0.18668937683105, -0.14256000518799, -0.063718795776367, -0.026158094406128, -0.0048940181732178, -0.084821224212646, -0.15969729423523, -0.20037722587585, -0.17972159385681, -0.19164681434631, -0.19273734092712, -0.16944646835327, -0.17547082901001, -0.17828297615051, -0.17224431037903, -0.12555742263794, -0.16663765907288, -0.14684057235718, -0.096034049987793, 0.062934875488281, 0.055452346801758, 0.025237321853638, 0.081019878387451, 0.086991786956787, 0.063980102539063, 0.01832914352417, 0.019219398498535, -0.043300628662109, 0.078686237335205, 0.7349853515625, 0.88527321815491, 1.1160068511963, 0.66889715194702, 0.13881063461304, -0.03710126876831, -0.051820755004883, -0.1214234828949, -0.13710951805115, -0.1366777420044, -0.079664945602417, 0.065812349319458, 0.0054106712341309, -0.205845952034, -0.37536311149597, -0.54176139831543
-0.18668937683105, -0.1469464302063, -0.073139905929565, -0.04166841506958, 0.018155097961426, -0.02328634262085, -0.10185623168945, -0.12648987770081, -0.085666656494141, -0.10137844085693, -0.09925365447998, -0.12350416183472, -0.16841435432434, -0.17494440078735, -0.18337917327881, -0.080532312393189, -0.094551086425781, -0.12640500068665, -0.16113877296448, -0.038120746612549, -0.058856725692749, -0.011204719543457, 0.033543825149536, 0.0030944347381592, -0.021265268325806, -0.063538074493408, -0.064398288726807, -0.18424701690674, -0.067400217056274, -0.057732343673706, 0.10366582870483, 0.06326699256897, -0.092886924743652, -0.048587560653687, -0.024270534515381, 0.004619836807251, -0.10239887237549, -0.16963839530945, -0.13696336746216, -0.079805612564087, -0.058765649795532, -0.13462829589844, -0.29166889190674, -0.41077768802643, -0.54176139831543
-0.18668937683105, -0.15161061286926, -0.083163738250732, -0.057793617248535, -0.00083279609680176, -0.028523921966553, -0.068465948104858, -0.073488235473633, 0.011470079421997, -0.0076525211334228, -0.021436214447022, -0.079866647720337, -0.15836429595947, -0.15787363052368, -0.18463158607483, -0.13272905349731, -0.12843775749207, -0.20025134086609, -0.18449115753174, -0.12620186805725, -0.097856044769287, 0.023783206939697, 0.022303342819214, -0.010976791381836, -0.023788690567017, -0.059027194976807, -0.059349060058594, -0.13699579238892, -0.17947864532471, -0.16693735122681, -0.09858512878418, -0.065263509750366, -0.0024595260620117, 0.073276519775391, 0.040768623352051, 0.057810544967651, -0.072574853897095, -0.26157188415527, -0.28813672065735, -0.31341028213501, -0.23686480522156, -0.26392018795013, -0.36855280399322, -0.44344592094421, -0.54176139831543
-0.18668937683105, -0.15653419494629, -0.093734979629517, -0.074447870254517, -0.020093441009522, -0.018885135650635, -0.066729545593262, -0.074811697006226, -0.011703968048096, -0.01580810546875, -0.017335891723633, -0.062693357467651, -0.1325523853302, -0.12908220291138, -0.16183996200562, -0.13230848312378, -0.13040709495544, -0.22727465629578, -0.19339895248413, -0.18287444114685, -0.051411151885986, 0.017409801483154, 0.082352876663208, 0.068440675735474, 0.05308985710144, 0.036996126174927, 0.055903434753418, 0.038342952728271, -0.0059773921966553, 0.026817321777344, -0.0014774799346924, -0.0058000087738037, 0.020463466644287, 0.068283796310425, -0.028612852096558, -0.085590839385986, -0.33091306686401, -0.51753449440002, -0.52471828460693, -0.52474677562714, -0.37584674358368, -0.37529110908508, -0.43736469745636, -0.4745215177536, -0.54176139831543
-0.18668937683105, -0.16168785095215, -0.1049211025238, -0.091521501541138, -0.039532899856567, -0.010695695877075, -0.064905405044556, -0.077123403549194, -0.045480966567993, -0.049481630325317, -0.052381992340088, -0.065064191818237, -0.087985038757324, -0.081429719924927, -0.0634605884552, -0.045452833175659, -0.041949272155762, -0.09425950050354, -0.055294513702393, -0.05607271194458, 0.016943693161011, 0.064143419265747, 0.06815242767334, 0.046578407287598, 0.07376217842102, 0.12717986106873, 0.15868616104126, 0.27064681053162, 0.22330164909363, 0.18670105934143, 0.096113920211792, -0.049384355545044, -0.083773374557495, -0.13303375244141, -0.21338868141174, -0.29946780204773, -0.55533111095429, -0.7150387763977, -0.71443390846252, -0.69029569625855, -0.47390246391296, -0.47110688686371, -0.49881935119629, -0.50416266918182, -0.54176139831543
-0.18668937683105, -0.16704773902893, -0.11629796028137, -0.10886645317078, -0.063130855560303, -0.0043342113494873, -0.066232681274414, -0.078620910644531, -0.074144601821899, -0.074989318847656, -0.086595296859741, -0.072001695632935, -0.06690239906311, -0.057183980941773, -0.022524356842041, -0.0016312599182129, 0.00097250938415527, -0.012129306793213, 0.038848400115967, 0.022383689880371, 0.017513990402222, 0.098270893096924, 0.077269554138184, 0.069750785827637, 0.086026191711426, 0.15432476997375, 0.15795230865478, 0.25752472877502, 0.25046300888062, 0.2334635257721, 0.18024563789368, -0.048663377761841, -0.13071751594543, -0.23626232147217, -0.33674550056457, -0.46225941181183, -0.67832398414612, -0.87031209468841, -0.8679347038269, -0.81623005867004, -0.55084908008575, -0.55346953868866, -0.55359888076782, -0.53232598304749, -0.54176139831543
-0.18668937683105, -0.17258763313293, -0.12818336486816, -0.1264750957489, -0.073240995407105, 0.0055389404296875, -0.048558712005615, -0.060264587402344, -0.069267272949219, -0.071223974227905, -0.094450235366821, -0.088129043579102, -0.090142011642456, -0.069666385650635, -0.047324180603027, -0.021453380584717, 0.0034422874450684, -0.01192307472229, 0.080699682235718, 0.041875839233398, 0.016564130783081, 0.089338302612305, 0.095871686935425, 0.10610151290894, 0.10954213142395, 0.10860180854797, 0.12091445922852, 0.13187742233276, 0.16397428512573, 0.18396520614624, 0.15338730812073, -0.023806810379028, -0.10334229469299, -0.21035957336426, -0.29998731613159, -0.44227468967438, -0.63858330249786, -0.88588070869446, -0.92072653770447, -0.87713444232941, -0.6176016330719, -0.62421631813049, -0.6023336648941, -0.55898988246918, -0.54176139831543
-0.18668937683105, -0.17828011512756, -0.14040231704712, -0.11775970458984, -0.061148881912231, 0.014487743377686, -0.028919696807861, -0.042250394821167, -0.064632892608643, -0.067024707794189, -0.10175609588623, -0.10312914848328, -0.1124210357666, -0.090182304382324, -0.07106614112854, -0.046356916427612, -0.036997556686401, -0.023315906524658, 0.012256860733032, 0.026052474975586, -0.0016176700592041, 0.047132253646851, 0.081503868103027, 0.09981894493103, 0.099897384643555, 0.10348868370056, 0.11701345443726, 0.11826920509338, 0.15321326255798, 0.145094871521, 0.11358618736267, 0.017821073532104, -0.076910257339477, -0.18865847587585, -0.27432036399841, -0.43358314037323, -0.65113699436188, -0.82846367359161, -0.85234475135803, -0.7927873134613, -0.65477311611176, -0.69144952297211, -0.64561903476715, -0.58415853977203, -0.54176139831543
-0.18668937683105, -0.18410086631775, -0.14066648483276, -0.10503673553467, -0.050458192825317, 0.022417068481445, -0.0057055950164795, -0.021697044372559, -0.059112071990967, -0.066563606262207, -0.10924172401428, -0.1231951713562, -0.1522855758667, -0.12472200393677, -0.098210573196411, -0.075946807861328, -0.081815719604492, -0.031224012374878, -0.0046484470367432, 0.083972215652466, 0.07391095161438, 0.1170506477356, 0.10757446289063, 0.12621808052063, 0.12629532814026, 0.14568114280701, 0.16311120986938, 0.16940236091614, 0.17685651779175, 0.13769125938416, 0.09318733215332, 0.06517219543457, -0.035454511642456, -0.084655284881592, -0.25555396080017, -0.4256945848465, -0.62326085567474, -0.77696812152863, -0.73735666275024, -0.69953978061676, -0.61881637573242, -0.74752533435822, -0.6865496635437, -0.60783386230469, -0.54176139831543
-0.18668937683105, -0.19002103805542, -0.13658308982849, -0.093305587768555, -0.041067361831665, 0.029307842254639, 0.010197162628174, -0.0095834732055664, -0.042191982269287, -0.068833112716675, -0.10813069343567, -0.1428759098053, -0.12061071395874, -0.12534594535828, -0.043323993682861, -0.022622346878052, 0.084697961807251, 0.074642181396484, 0.1349937915802, 0.18380451202393, 0.20230770111084, 0.15436506271362, 0.11258149147034, 0.12132859230042, 0.13710880279541, 0.17134189605713, 0.20199751853943, 0.1873767375946, 0.22243428230286, 0.19540953636169, 0.14973592758179, 0.030212163925171, -0.038072109222412, -0.068467617034912, -0.24180388450623, -0.41905677318573, -0.56457698345184, -0.65712881088257, -0.62686586380005, -0.61191511154175, -0.58367264270783, -0.72809946537018, -0.73136329650879, -0.63004219532013, -0.5417594909668
-0.18668937683105, -0.19601583480835, -0.13330912590027, -0.083157300949097, -0.032931089401245, 0.022516965866089, 0.0028808116912842, 0.00221848487854, -0.022935628890991, -0.062247276306152, -0.083678245544434, -0.096779823303223, -0.057703971862793, -0.0047488212585449, 0.059729814529419, 0.046127796173096, 0.074990510940552, 0.028903722763061, 0.032795906066894, 0.1041910648346, 0.11426091194153, 0.08226752281189, 0.064191341400146, 0.078366994857788, 0.10562705993652, 0.10532712936401, 0.1314377784729, 0.10677647590637, 0.12949013710022, 0.11425399780273, 0.10249543190002, -0.012658357620239, -0.076554775238037, -0.14308667182922, -0.23315978050232, -0.41767489910126, -0.51439130306244, -0.54710531234741, -0.51675689220429, -0.52970719337463, -0.54948341846466, -0.71105468273163, -0.77173697948456, -0.65081465244293, -0.5417594909668
-0.18668937683105, -0.19919967651367, -0.1306266784668, -0.075415849685669, -0.02567720413208, -0.00583815574646, -0.002967119216919, 0.014827728271484, 0.008284330368042, -0.018438577651978, -0.026739835739136, -0.035314798355102, -0.016085624694824, 0.047117233276367, 0.066607713699341, 0.040419101715088, 0.0035924911499023, -0.049110651016235, -0.045799493789673, 0.028662919998169, 0.035771131515503, 0.018532991409302, 0.028820991516113, 0.054896354675293, 0.078523397445679, 0.058861255645752, 0.082031488418579, 0.033710718154907, 0.030679941177368, 0.0056958198547363, 0.0021483898162842, -0.054972887039185, -0.13128352165222, -0.16105961799622, -0.23479568958283, -0.38464248180389, -0.42456650733948, -0.47156989574432, -0.40772557258606, -0.45809173583984, -0.51649451255798, -0.69648373126984, -0.77264833450317, -0.67018747329712, -0.54176139831543
-0.18668937683105, -0.19629311561585, -0.12854552268982, -0.068941354751587, -0.019405603408814, -0.011411905288696, -0.019932270050049, 0.032504081726074, 0.058282375335693, 0.028247594833374, 0.015344619750977, -0.015218257904053, 0.009678840637207, 0.085833549499512, 0.07598352432251, 0.056617021560669, -0.012571573257446, -0.027507543563843, -0.052760124206543, 0.0016038417816162, 0.020883321762085, 0.022451877593994, 0.056838512420654, 0.083768367767334, 0.111323595047, 0.046271562576294, 0.049245357513428, -0.023941993713379, -0.086255788803101, -0.078469038009644, -0.086075305938721, -0.14045810699463, -0.15767931938171, -0.17910385131836, -0.24241638183594, -0.32021307945251, -0.33693242073059, -0.39210331439972, -0.36204183101654, -0.41021203994751, -0.48555934429169, -0.68444585800171, -0.7626416683197, -0.68920063972473, -0.54176139831543
-0.18668937683105, -0.19378638267517, -0.12729334831238, -0.063745021820068, -0.015316486358643, -0.0025851726531982, -0.053840398788452, 0.017002820968628, 0.10676145553589, 0.051984786987305, 0.022843599319458, 0.0012083053588867, 0.04060697555542, 0.10149908065796, 0.14512944221497, 0.092854976654053, 0.0055146217346191, 0.0078699588775635, 0.016307830810547, -0.014179706573486, 0.010733842849731, 0.043270111083984, 0.085062026977539, 0.094533443450928, 0.11529135704041, 0.024163484573364, 0.039050817489624, -0.011632919311523, -0.22093605995178, -0.1608213186264, -0.18338024616241, -0.25970327854157, -0.22456586360931, -0.18109524250031, -0.24546587467194, -0.28763341903687, -0.28033876419067, -0.32318341732025, -0.32600319385529, -0.36957716941834, -0.46542048454285, -0.67652666568756, -0.75294303894043, -0.711181640625, -0.54176139831543
-0.18668937683105, -0.19168663024902, -0.12676692008972, -0.06032133102417, -0.01163911819458, 0.011939287185669, -0.067901849746704, 0.0013949871063232, 0.079694271087646, 0.070440769195557, 0.029129981994629, 0.031819581985474, 0.076607465744019, 0.097185850143433, 0.15020537376404, 0.12695479393005, 0.033205032348633, -0.025078058242798, 0.023458957672119, 0.0070929527282715, 0.062772035598755, 0.092955350875855, 0.12058711051941, 0.11309361457825, 0.092314004898071, 0.023152828216553, 0.037760257720947, -0.054838180541992, -0.35197675228119, -0.28241944313049, -0.30630362033844, -0.28597044944763, -0.29343247413635, -0.25201523303986, -0.2348484992981, -0.24673736095429, -0.25072348117828, -0.26093530654907, -0.29315209388733, -0.34643137454987, -0.46594309806824, -0.66551196575165, -0.74363994598389, -0.7316118478775, -0.54176139831543
-0.18668937683105, -0.19000196456909, -0.12696576118469, -0.063918828964233, -0.01026725769043, 0.029289722442627, -0.083940505981445, -0.016470432281494, 0.043003082275391, 0.093482255935669, 0.063806772232056, 0.066996574401855, 0.05587100982666, 0.09615421295166, 0.12713503837585, 0.15813231468201, 0.066867351531982, -0.0045802593231201, 0.089266300201416, 0.11212873458862, 0.17872953414917, 0.19552946090698, 0.21446394920349, 0.19042301177978, 0.06967830657959, 0.079910516738892, 0.019915819168091, -0.08798885345459, -0.34189772605896, -0.38701367378235, -0.36926794052124, -0.34653973579407, -0.35663938522339, -0.3000795841217, -0.22224700450897, -0.2133184671402, -0.21435010433197, -0.23383343219757, -0.26770710945129, -0.32511746883392, -0.47078764438629, -0.65609180927277, -0.74020993709564, -0.7505179643631, -0.54176139831543
-0.18668937683105, -0.18874001502991, -0.1278886795044, -0.066655397415161, -0.014519453048706, 0.030588388442993, -0.083374500274658, -0.0079605579376221, 0.049200057983398, 0.092267036437988, 0.094463109970093, 0.056098461151123, 0.036285400390625, 0.05663251876831, 0.10519409179688, 0.20032501220703, 0.22910737991333, 0.22465181350708, 0.18135929107666, 0.20258855819702, 0.23249268531799, 0.21831011772156, 0.22203469276428, 0.17800116539002, 0.079229116439819, 0.081763982772827, 0.053664207458496, -0.0146803855896, -0.32399976253509, -0.47550272941589, -0.43954157829285, -0.44376957416534, -0.43218088150024, -0.32066130638123, -0.239537358284, -0.20370769500732, -0.20238769054413, -0.21834778785706, -0.24752116203308, -0.31562721729279, -0.47976875305176, -0.64832878112793, -0.73762559890747, -0.76792478561401, -0.54176139831543
-0.18668937683105, -0.18790435791016, -0.12668442726135, -0.064490795135498, -0.018783330917358, 0.023939847946167, -0.058984279632568, 0.016833305358887, 0.066158771514893, 0.050148010253906, 0.077187061309814, 0.050761938095093, 0.042718172073364, 0.04753565788269, 0.11604452133179, 0.17572331428528, 0.15416622161865, 0.13919353485107, 0.1244854927063, 0.14906907081604, 0.15144324302673, 0.1157853603363, 0.094995021820068, 0.07960844039917, 0.057751655578613, 0.062064409255981, 0.022228479385376, -0.039348125457764, -0.35150098800659, -0.57635748386383, -0.54510271549225, -0.53806984424591, -0.47040867805481, -0.35200202465057, -0.28994762897491, -0.1991765499115, -0.20603597164154, -0.2139310836792, -0.22961807250977, -0.3281569480896, -0.50209856033325, -0.64485418796539, -0.7359127998352, -0.7868424654007, -0.54176139831543
-0.18668937683105, -0.18750071525574, -0.12250447273254, -0.065371036529541, -0.023762941360474, 0.019575119018555, -0.023918628692627, 0.057011127471924, 0.049170017242432, 0.0075476169586182, 0.047153949737549, 0.051795959472656, 0.040928363800049, 0.053942441940308, 0.066816806793213, 0.088445663452148, 0.079281806945801, 0.055614233016968, 0.059876203536987, 0.061506748199463, 0.068067789077759, 0.048377752304077, 0.024782180786133, 0.017334938049316, 0.007932186126709, -0.024101495742798, -0.0013456344604492, -0.15879845619202, -0.43381607532501, -0.63506889343262, -0.67462062835693, -0.64499354362488, -0.53777623176575, -0.43673694133759, -0.3381040096283, -0.23102104663849, -0.20198833942413, -0.20455050468445, -0.229532122612, -0.37648248672485, -0.54626512527466, -0.64483690261841, -0.73509180545807, -0.80653083324432, -0.54176139831543
-0.18668937683105, -0.18613719940186, -0.11873960494995, -0.068090200424194, -0.027549743652344, 0.014699935913086, 0.052293062210083, 0.078547477722168, 0.0038700103759766, -0.038001775741577, -0.021570205688477, 0.060651063919067, 0.043581962585449, 0.015884637832642, 0.020685195922852, 0.030110359191895, 0.018208980560303, -0.021515846252441, -0.020804166793823, -0.03033709526062, -0.025921583175659, -0.029524564743042, -0.050976276397705, -0.069223165512085, -0.104656457901, -0.17467904090881, -0.16992449760437, -0.3367645740509, -0.32899403572082, -0.71351003646851, -0.81323778629303, -0.7506582736969, -0.59826946258545, -0.46350741386414, -0.31481170654297, -0.22867691516876, -0.18711292743683, -0.21231496334076, -0.24817931652069, -0.39062654972076, -0.5470700263977, -0.65451836585999, -0.73517668247223, -0.81814754009247, -0.54176139831543
-0.18668937683105, -0.18445086479187, -0.11540198326111, -0.071732521057129, -0.027219772338867, 0.015827417373657, 0.049005508422852, 0.053930044174194, -0.022294044494629, -0.076494693756104, -0.075880289077759, 0.0038192272186279, 0.029120683670044, -0.014739036560059, -0.028743505477905, -0.032449722290039, -0.033248901367188, -0.072725534439087, -0.083049774169922, -0.11606335639954, -0.15119314193726, -0.15681886672974, -0.13945412635803, -0.20298910140991, -0.24269104003906, -0.32185816764831, -0.39835071563721, -0.47667932510376, -0.46179699897766, -0.83276796340942, -0.94970834255218, -0.8174557685852, -0.63551008701324, -0.4581526517868, -0.31751453876495, -0.23136675357819, -0.18568706512451, -0.23732805252075, -0.27474844455719, -0.4134875535965, -0.56423342227936, -0.66393482685089, -0.7361843585968, -0.82323586940765, -0.54176139831543
-0.18668937683105, -0.18312382698059, -0.1125078201294, -0.068238496780395, -0.027476310729981, 0.0095353126525879, 0.047508239746094, 0.03162145614624, -0.049245119094849, -0.11031794548035, -0.085344314575195, -0.060628414154053, -0.026175498962402, -0.057401657104492, -0.10143041610718, -0.050557851791382, -0.089086055755615, -0.1169114112854, -0.16361999511719, -0.21238565444946, -0.24230456352234, -0.2611711025238, -0.31074786186218, -0.39189624786377, -0.43477582931519, -0.45210313796997, -0.47591042518616, -0.56529903411865, -0.60082519054413, -0.74671101570129, -1.0111789703369, -0.81719899177551, -0.60320568084717, -0.4453866481781, -0.330118060112, -0.25764214992523, -0.2079404592514, -0.26482748985291, -0.32027471065521, -0.43777704238892, -0.58772826194763, -0.67082118988037, -0.7360417842865, -0.82697808742523, -0.5417594909668
-0.18668937683105, -0.18215990066528, -0.11007404327393, -0.069561958312988, -0.033905029296875, -0.0012459754943848, 0.041972398757935, 0.017343997955322, -0.068746089935303, -0.15024948120117, -0.11117577552795, -0.054808378219604, -0.11253595352173, -0.1284384727478, -0.027275800704956, -0.091488599777222, -0.10379147529602, -0.024941205978394, -0.1082820892334, -0.12545824050903, -0.16172051429748, -0.31654477119446, -0.45561695098877, -0.53425765037537, -0.62783432006836, -0.61261320114136, -0.56364417076111, -0.65480613708496, -0.74395406246185, -0.78820729255676, -0.96021103858948, -0.77930450439453, -0.57996356487274, -0.4520355463028, -0.36356341838837, -0.29226791858673, -0.25694036483765, -0.30261671543121, -0.3695524930954, -0.45791447162628, -0.60369443893433, -0.67810595035553, -0.73951601982117, -0.83106827735901, -0.5417594909668
-0.18668937683105, -0.18156337738037, -0.1092836856842, -0.076784133911133, -0.041868448257446, -0.014148235321045, 0.043289422988892, 0.0060994625091553, -0.079211711883545, -0.16777873039246, -0.14320468902588, -0.12516355514526, -0.1627881526947, -0.10040926933289, -0.053623199462891, -0.13586187362671, -0.11847257614136, -0.17586398124695, -0.24176788330078, -0.2477240562439, -0.32834672927856, -0.38306570053101, -0.54525113105774, -0.72440075874329, -0.77726173400879, -0.75544023513794, -0.6890082359314, -0.58286619186401, -0.49458765983581, -0.79625391960144, -0.94993078708649, -0.7858544588089, -0.58998811244965, -0.46642529964447, -0.39598190784454, -0.34681940078735, -0.30280530452728, -0.34376096725464, -0.42163383960724, -0.48785758018494, -0.62161731719971, -0.68638205528259, -0.75303947925568, -0.83548927307129, -0.5417594909668
-0.18668937683105, -0.1813395023346, -0.1086015701294, -0.083059787750244, -0.052475929260254, -0.021085739135742, 0.033662557601929, -0.0045785903930664, -0.083467483520508, -0.14975476264954, -0.13135027885437, -0.091738224029541, -0.11805319786072, -0.099336624145508, -0.08484148979187, -0.13859724998474, -0.16875123977661, -0.2205126285553, -0.32331395149231, -0.33680868148804, -0.39975500106812, -0.43864321708679, -0.5985426902771, -0.86629700660706, -0.88823080062866, -0.87982726097107, -0.78082323074341, -0.60909271240234, -0.54576420783997, -0.88993179798126, -0.92098069190979, -0.78361070156097, -0.61315429210663, -0.51726269721985, -0.45039141178131, -0.40025091171265, -0.35908567905426, -0.4198899269104, -0.46907687187195, -0.51406121253967, -0.63811266422272, -0.69837498664856, -0.76774799823761, -0.84022212028503, -0.5417594909668
-0.18668937683105, -0.18143916130066, -0.1081759929657, -0.08324122428894, -0.062846660614014, -0.029012680053711, 0.024606466293335, -0.017865419387817, -0.078150510787964, -0.12928032875061, -0.094775915145874, 0.01265287399292, -0.032406091690063, -0.098839521408081, -0.06997013092041, -0.1119704246521, -0.16156530380249, -0.18120718002319, -0.34186983108521, -0.11978101730347, -0.11251282691956, -0.17521739006043, -0.59968018531799, -0.9376745223999, -0.9657838344574, -0.90515422821045, -0.82379174232483, -0.71604442596436, -0.66544365882874, -0.89910268783569, -0.89977991580963, -0.80739665031433, -0.64985907077789, -0.56074249744415, -0.52070915699005, -0.46986961364746, -0.44148063659668, -0.47618174552918, -0.512162566185, -0.5330685377121, -0.65243923664093, -0.71325671672821, -0.78359532356262, -0.8452455997467, -0.5417594909668
-0.18668937683105, -0.18108916282654, -0.10800790786743, -0.086182832717895, -0.07126522064209, -0.039262294769287, 0.0162672996521, -0.022133588790894, -0.075284957885742, -0.13150858879089, -0.084205865859985, -0.00096392631530762, -0.050794124603271, -0.076532363891602, 0.0017848014831543, -0.056406497955322, -0.044304847717285, 0.031542062759399, 0, 4.7683715820313e-007, 0, -0.081348657608032, -0.1936023235321, -0.83185744285583, -0.92370867729187, -0.893794298172, -0.85758924484253, -0.85403394699097, -0.77323293685913, -0.7868869304657, -0.84219264984131, -0.82328319549561, -0.7017776966095, -0.63958895206451, -0.59342586994171, -0.52712023258209, -0.51765596866608, -0.51211035251617, -0.53522765636444, -0.54738557338715, -0.66993272304535, -0.73427557945251, -0.80053329467773, -0.85053670406342, -0.5417594909668
-0.18668937683105, -0.18113303184509, -0.10809659957886, -0.089421272277832, -0.075700044631958, -0.051947116851807, 0.0053198337554932, -0.032347202301025, -0.084405899047852, -0.13122987747192, -0.12749886512756, -0.018571376800537, -0.061589241027832, -0.0854332447052, 0.017752885818481, -0.029047012329102, -0.0071725845336914, 0.10138058662415, 0, 4.7683715820313e-007, 0, -0.032126903533935, -0.25593733787537, -0.73346471786499, -1.0851094722748, -0.98521208763123, -0.91883444786072, -0.86862206459045, -0.80025100708008, -0.78853964805603, -0.93102693557739, -0.90061831474304, -0.77830076217651, -0.70733416080475, -0.64751541614533, -0.59541928768158, -0.55167639255524, -0.54062902927399, -0.55399429798126, -0.56928145885467, -0.69024455547333, -0.76153659820557, -0.81849455833435, -0.85606873035431, -0.5417594909668
-0.18668937683105, -0.18157482147217, -0.10896992683411, -0.090067386627197, -0.075567007064819, -0.053545236587524, -0.0064809322357178, -0.036137819290161, -0.096032857894898, -0.16550493240356, -0.14278793334961, -0.073857069015503, -0.1378903388977, -0.11195635795593, 0.020357370376587, 0.021332263946533, -0.0074813365936279, 0.14610528945923, 0.02806806564331, 0, 0, -0.014540672302246, -0.3064866065979, -0.81590604782105, -0.97907853126526, -0.94870448112488, -0.90724158287048, -0.84826421737671, -0.74898600578308, -0.77585971355438, -0.88453483581543, -0.92665696144104, -0.83153378963471, -0.74856269359589, -0.66896665096283, -0.60957622528076, -0.55480313301086, -0.54001820087433, -0.55474293231964, -0.57464563846588, -0.69930922985077, -0.77834665775299, -0.83326101303101, -0.86181497573852, -0.5417594909668
-0.18668937683105, -0.18240666389465, -0.10849189758301, -0.089627981185913, -0.074871301651001, -0.05544638633728, -0.020106315612793, -0.056198596954346, -0.10606741905212, -0.16027665138245, -0.14842820167542, -0.13597702980042, -0.1431143283844, -0.11951804161072, -0.03209638595581, -1.4305114746094e-005, 0.021671772003174, 0.091548681259155, 0.10140132904053, 0.025792121887207, 7.1525573730469e-007, -0.067190170288086, -0.3184061050415, -1.0358850955963, -0.97182941436768, -0.93221831321716, -0.84796285629273, -0.72312569618225, -0.57115769386292, -0.60501074790955, -0.82065212726593, -0.84717714786529, -0.77830016613007, -0.68575084209442, -0.61131262779236, -0.57533383369446, -0.53092896938324, -0.54025518894196, -0.55547940731049, -0.58282911777496, -0.71098387241364, -0.78573870658875, -0.83468878269196, -0.86774849891663, -0.5417594909668
-0.18668937683105, -0.18318486213684, -0.10820865631104, -0.08955979347229, -0.074706077575684, -0.060332059860229, -0.028881549835205, -0.062209367752075, -0.12676501274109, -0.18363904953003, -0.1567394733429, -0.130211353302, -0.13402891159058, -0.10769557952881, -0.088124752044678, -0.05997109413147, -0.097922563552856, -0.013651371002197, 0.091132640838623, 0.028654813766479, -0.045418977737427, -0.29532098770142, -0.40582227706909, -0.79945039749145, -0.87275290489197, -0.90107607841492, -0.83732175827026, -0.69557762145996, -0.42136883735657, -0.52689480781555, -0.75510656833649, -0.72965562343597, -0.66735303401947, -0.60502064228058, -0.55074310302734, -0.52299630641937, -0.48934888839722, -0.51547658443451, -0.55729687213898, -0.59466886520386, -0.7252688407898, -0.79170203208923, -0.83654057979584, -0.87096667289734, -0.5417594909668
-0.18668937683105, -0.18433427810669, -0.10811996459961, -0.090047836303711, -0.077763557434082, -0.063404083251953, -0.037950277328491, -0.064949750900269, -0.13344025611877, -0.19791579246521, -0.17018628120422, -0.12071394920349, -0.18347072601318, -0.099693059921265, -0.073321580886841, -0.072082281112671, -0.1266393661499, -0.1093761920929, -0.15125513076782, -0.25362277030945, -0.3058614730835, -0.29745745658875, -0.30980014801025, -0.5970618724823, -0.83909773826599, -0.83727073669434, -0.7703697681427, -0.71144294738769, -0.42311143875122, -0.58092522621155, -0.72727525234222, -0.65362334251404, -0.57862687110901, -0.5192049741745, -0.48818516731262, -0.47190916538238, -0.43989086151123, -0.48348522186279, -0.55267953872681, -0.60622346401215, -0.73380875587463, -0.79606068134308, -0.83880662918091, -0.8720109462738, -0.5417594909668
-0.18668937683105, -0.18587160110474, -0.11055755615234, -0.096135854721069, -0.086593627929688, -0.07007884979248, -0.049560785293579, -0.070208787918091, -0.13617920875549, -0.15653514862061, -0.15666651725769, -0.065047740936279, -0.11588358879089, -0.14216375350952, -0.10464453697205, -0.073901653289795, -0.046413898468018, -0.068420886993408, 0.043042182922363, -0.023350238800049, -0.082355976104736, -0.20990777015686, -0.35780882835388, -0.52914810180664, -0.5591094493866, -0.70624732971191, -0.65847110748291, -0.62026596069336, -0.41011989116669, -0.65361022949219, -0.74260270595551, -0.6281373500824, -0.51590895652771, -0.45489776134491, -0.42629706859589, -0.4086354970932, -0.3886057138443, -0.44888019561768, -0.52104890346527, -0.6197954416275, -0.74325323104858, -0.7992422580719, -0.84146595001221, -0.87323677539825, -0.5417594909668
-0.18668937683105, -0.18672060966492, -0.11388540267944, -0.10237240791321, -0.094386100769043, -0.07810378074646, -0.061718225479126, -0.065268993377686, -0.12679648399353, -0.12914204597473, -0.10828518867493, 0.020292282104492, -0.082002639770508, -0.069334983825684, -0.10622549057007, -0.096746206283569, -0.0244460105896, -0.016648530960083, -0.0057072639465332, -0.045180797576904, -0.10786890983582, -0.23304462432861, -0.46071815490723, -0.43994164466858, -0.4778106212616, -0.50228476524353, -0.48199367523193, -0.4508945941925, -0.36823797225952, -0.47415220737457, -0.68250966072082, -0.59124970436096, -0.47792434692383, -0.39410102367401, -0.35185086727142, -0.34080302715302, -0.33976376056671, -0.4152866601944, -0.48721647262573, -0.61002194881439, -0.74927651882172, -0.80164539813995, -0.84492683410644, -0.87563049793243, -0.5417594909668
-0.18668937683105, -0.1856517791748, -0.1140878200531, -0.098351240158081, -0.10560965538025, -0.098721504211426, -0.093143463134766, -0.060685396194458, -0.10273432731628, -0.096687793731689, -0.063410520553589, -0.061794996261597, -0.075535535812378, -0.10189151763916, -0.041220426559448, -0.06782603263855, -0.088254690170288, -0.13175344467163, -0.18277168273926, -0.17908143997192, -0.22941875457764, -0.27661442756653, -0.34684109687805, -0.3285813331604, -0.22709369659424, -0.19304060935974, -0.21262097358704, -0.27793693542481, -0.30679869651794, -0.59347033500671, -0.65904200077057, -0.53510546684265, -0.44436097145081, -0.3571572303772, -0.29812932014465, -0.26870405673981, -0.28778004646301, -0.37891268730164, -0.45204389095306, -0.60550284385681, -0.74222326278687, -0.80936717987061, -0.85333216190338, -0.87964832782745, -0.5417594909668
-0.18668937683105, -0.18495559692383, -0.11591243743897, -0.095411539077759, -0.11768388748169, -0.12357521057129, -0.10175108909607, -0.059773206710815, -0.065964221954346, -0.065029859542847, -0.053564310073852, -0.16115522384644, -0.13585448265076, -0.088000535964966, 0.011942625045776, -0.030844211578369, -0.034573793411255, -0.071363925933838, -0.10820603370667, -0.079758644104004, -0.1087338924408, -0.13792562484741, -0.25740504264831, -0.21411466598511, -0.10605597496033, -0.14437079429627, -0.13513588905335, -0.17253375053406, -0.25184655189514, -0.69228935241699, -0.65167808532715, -0.53766798973083, -0.42214024066925, -0.32885265350342, -0.24033057689667, -0.20363104343414, -0.24361991882324, -0.33981680870056, -0.41826236248016, -0.60314750671387, -0.73071765899658, -0.81799507141113, -0.85976445674896, -0.87700951099396, -0.5417594909668
-0.18668937683105, -0.18463253974915, -0.11831951141357, -0.099916934967041, -0.11900782585144, -0.11766767501831, -0.096353769302368, -0.054279327392578, -0.015233039855957, -0.025445938110352, -0.035653829574585, -0.12538599967957, -0.12411451339722, -0.074826955795288, 0.002418041229248, 0.013608932495117, 0.067176103591919, 0.0063407421112061, 0.0019972324371338, 0.011085271835327, 0.0044159889221191, -0.01781153678894, -0.090778827667236, -0.06516432762146, -0.017373323440552, -0.0394606590271, -0.038950443267822, -0.23231053352356, -0.43064260482788, -0.67774426937103, -0.62959659099579, -0.51764857769012, -0.41272985935211, -0.30526924133301, -0.20468127727509, -0.14806056022644, -0.21179246902466, -0.29662883281708, -0.41679000854492, -0.60152268409729, -0.72176229953766, -0.82568752765655, -0.86605763435364, -0.86580002307892, -0.5417594909668
-0.18668937683105, -0.18468618392944, -0.12129855155945, -0.10063910484314, -0.11347579956055, -0.1098039150238, -0.090421915054321, -0.021646738052368, 0.028892040252685, -0.013539552688599, -0.0065407752990723, -0.059041261672974, -0.15093398094177, -0.14819145202637, -0.031170845031738, 0.085722208023071, 0.15947985649109, 0.10291934013367, 0.10379815101624, 0.091650485992432, 0.075157880783081, 0.049905776977539, 0.058781862258911, 0.044457674026489, 0.082041025161743, -0.013992309570313, 0.0073926448822022, -0.085551977157593, -0.43458032608032, -0.61028134822846, -0.55586004257202, -0.48921060562134, -0.3806871175766, -0.27913177013397, -0.17471182346344, -0.12503480911255, -0.18776202201843, -0.25700628757477, -0.42562365531921, -0.60050904750824, -0.71529161930084, -0.82016348838806, -0.87267875671387, -0.85292100906372, -0.5417594909668
-0.18668937683105, -0.18511629104614, -0.1224160194397, -0.10030913352966, -0.10879015922546, -0.10228776931763, -0.080323457717895, 0.0070061683654785, 0.048694133758545, -0.0045864582061768, 0.0099194049835205, -0.06127405166626, -0.08378791809082, -0.13777184486389, -0.081332683563232, 0.020803689956665, 0.022462129592896, -0.020448207855225, -0.010826110839844, -0.028995275497436, -0.04491400718689, -0.039968252182007, -0.016925573348999, 0.0066354274749756, -0.075644969940186, -0.087866544723511, -0.011157751083374, -0.09200382232666, -0.40032756328583, -0.50947964191437, -0.48598647117615, -0.42852711677551, -0.34029293060303, -0.23489415645599, -0.12830185890198, -0.11854183673859, -0.16760361194611, -0.23386561870575, -0.43457341194153, -0.60171604156494, -0.72089958190918, -0.81767475605011, -0.87927091121674, -0.83832705020904, -0.5417594909668
-0.18668937683105, -0.18591928482056, -0.1187047958374, -0.099711894989014, -0.10702896118164, -0.09410834312439, -0.055779933929443, 0.019606113433838, 0.058490991592407, 0.020635604858398, 0.012486934661865, -0.038599491119385, -0.0018877983093262, -0.087043046951294, -0.040080070495606, -0.025582551956177, -0.010234355926514, -0.068501234054565, -0.028269529342651, -0.055297613143921, -0.07012677192688, -0.064362287521362, -0.041778802871704, -0.0039012432098389, -0.028900623321533, -0.037852287292481, 0.026707410812378, -0.053433418273926, -0.36197662353516, -0.40278279781342, -0.41405582427978, -0.36627960205078, -0.27046823501587, -0.16823172569275, -0.12414765357971, -0.12276220321655, -0.15555500984192, -0.27199018001556, -0.45071911811829, -0.61670303344727, -0.73095405101776, -0.82162356376648, -0.88621592521668, -0.82198536396027, -0.5417594909668
-0.18668937683105, -0.187091588974, -0.11573529243469, -0.098201036453247, -0.10006761550903, -0.083435297012329, -0.027055501937866, 0.021218776702881, 0.068592071533203, 0.032345294952393, 0.003326416015625, 0.010433197021484, 0.0023825168609619, -0.13730907440186, -0.043775081634521, 0.010107755661011, 0.033048629760742, -0.0017979145050049, 0.020937919616699, -0.004568338394165, -0.034320116043091, -0.036971807479858, -0.0223708152771, 0.026023387908935, 0.0066425800323486, 0.006866455078125, 0.041524887084961, -0.10862565040588, -0.24091422557831, -0.31128537654877, -0.32841300964356, -0.30439138412476, -0.23123550415039, -0.095987558364868, -0.12741792201996, -0.13413381576538, -0.15436971187592, -0.31621396541595, -0.47316133975983, -0.63614225387573, -0.74218368530273, -0.82740318775177, -0.89347457885742, -0.8038535118103, -0.5417594909668
-0.18668937683105, -0.18863296508789, -0.11341309547424, -0.095566034317017, -0.093453884124756, -0.071813583374023, 0.0011765956878662, 0.025747776031494, 0.062687397003174, 0.01905107498169, -0.06181263923645, -0.038071393966675, -0.071038961410523, -0.14591860771179, -0.10074734687805, -0.025238513946533, -0.011724948883057, 0.0095243453979492, 0.017410516738892, 0.039043664932251, 0.012737274169922, 0.013726472854614, 0.024221181869507, 0.068970203399658, 0.091230392456055, 0.099432229995727, 0.10526037216187, -0.087711095809936, -0.14933943748474, -0.19381046295166, -0.25540232658386, -0.23539781570435, -0.19369053840637, -0.1255669593811, -0.11771929264069, -0.15006422996521, -0.22051894664764, -0.36709070205688, -0.51167225837707, -0.66505086421967, -0.75608503818512, -0.83496117591858, -0.90100336074829, -0.78389191627502, -0.5417594909668
-0.18668937683105, -0.19053173065186, -0.1117947101593, -0.09282922744751, -0.087307453155518, -0.053374052047729, -0.028296947479248, 0.048459529876709, 0.047071218490601, 0.01132869720459, -0.065317630767822, -0.092903852462769, -0.094097852706909, -0.088502407073975, -0.099059581756592, -0.033277988433838, -0.068690538406372, 0.0044262409210205, 0.035468101501465, 0.081154108047485, 0.084247589111328, 0.088979721069336, 0.091873645782471, 0.11397933959961, 0.17266774177551, 0.18569326400757, 0.1511287689209, 0.023077726364136, -0.10201454162598, -0.13922166824341, -0.16455841064453, -0.18224382400513, -0.18489480018616, -0.12795996665955, -0.11820459365845, -0.20486307144165, -0.31449949741363, -0.42165219783783, -0.55395865440369, -0.69624173641205, -0.77763736248016, -0.84423303604126, -0.90875935554504, -0.7637927532196, -0.5417594909668
-0.18668937683105, -0.18598055839539, -0.11096024513245, -0.090006828308105, -0.07766604423523, -0.036198854446411, -0.071296691894531, 0.030807018280029, 0.040395975112915, 0.0045933723449707, -0.026571035385132, -0.056439876556396, -0.058730602264404, -0.030834913253784, -0.0046746730804443, -0.014225006103516, -0.078999996185303, -0.0044195652008057, 0.058257341384888, 0.061624050140381, 0.067236661911011, 0.10122680664063, 0.10264134407044, 0.087686777114868, 0.10609269142151, 0.11184120178223, 0.089109897613525, -0.0073497295379639, -0.066233396530151, -0.064932584762573, -0.074108600616455, -0.11772346496582, -0.1349368095398, -0.12192034721375, -0.18586599826813, -0.30964875221252, -0.41979372501373, -0.48265969753265, -0.60380446910858, -0.72264099121094, -0.79899680614471, -0.8585878610611, -0.90552985668182, -0.74416363239288, -0.5417594909668
-0.18668937683105, -0.17927241325378, -0.1109082698822, -0.084798812866211, -0.061212301254273, -0.046405792236328, -0.10190224647522, 0.010300636291504, 0.013816356658936, -0.016414403915405, 0.0039589405059814, -0.020846366882324, -0.015506744384766, 0.0051302909851074, 0.044771909713745, 0.011316537857056, -0.039137601852417, 0.010177135467529, 0.014811754226685, 0.011462450027466, 0.013357877731323, 0.050079345703125, 0.072315216064453, 0.08615231513977, 0.054381608963013, 0.057860851287842, 0.079992055892944, 0.049670219421387, 0.035729646682739, 0.021962881088257, 0.016281604766846, -0.0081822872161865, -0.059159278869629, -0.15409684181213, -0.30840408802032, -0.42114853858948, -0.52741026878357, -0.56101548671722, -0.65373015403748, -0.74733400344849, -0.82075226306915, -0.87610459327698, -0.86187052726746, -0.72277748584747, -0.5417594909668
-0.18668937683105, -0.17276906967163, -0.11164236068726, -0.079007387161255, -0.043846607208252, -0.064664125442505, -0.094473123550415, -0.0092813968658447, -0.0070693492889404, -0.049931764602661, -0.033520698547363, -0.02675724029541, 0.0040833950042725, 0.039316177368164, 0.094900369644165, 0.084593772888184, 0.10826587677002, 0.10125946998596, 0.081900596618652, 0.076701641082764, 0.07632851600647, 0.10083770751953, 0.13733386993408, 0.16428279876709, 0.15287613868713, 0.15716242790222, 0.17381143569946, 0.15331315994263, 0.13846898078918, 0.13159942626953, 0.13128161430359, 0.11323595046997, -0.064018726348877, -0.18236517906189, -0.43179440498352, -0.54136836528778, -0.6393883228302, -0.64544773101807, -0.70215260982513, -0.77442479133606, -0.84289515018463, -0.8910995721817, -0.81385254859924, -0.69949245452881, -0.54176139831543
-0.18668937683105, -0.16649889945984, -0.11295485496521, -0.07340145111084, -0.027784585952759, -0.08063793182373, -0.075473546981811, 0.0059847831726074, -0.017521619796753, -0.077021598815918, -0.06851315498352, -0.043129205703735, -0.0093262195587158, 0.0081522464752197, -0.01132082939148, 0.04463529586792, 0.13212752342224, 0.090824365615845, 0.10694360733032, 0.13662934303284, 0.13414168357849, 0.14645266532898, 0.17821359634399, 0.19566917419434, 0.21111869812012, 0.21385073661804, 0.2207510471344, 0.22588181495667, 0.16609525680542, 0.15783786773682, 0.13284349441528, 0.07608962059021, -0.10119795799255, -0.21507000923157, -0.3920122385025, -0.62624990940094, -0.71947300434113, -0.72669851779938, -0.75243246555328, -0.80279874801636, -0.86633002758026, -0.82808041572571, -0.76245272159576, -0.67437541484833, -0.54176139831543
-0.18668937683105, -0.16049265861511, -0.11421489715576, -0.069253444671631, -0.01332688331604, -0.097393989562988, -0.045300245285034, 0.0014040470123291, -0.019020080566406, -0.08919358253479, -0.088326930999756, -0.070703983306885, -0.036681175231934, -0.021967649459839, -0.10346722602844, -0.050172090530396, -0.011984348297119, -0.045329570770264, -9.6321105957031e-005, 0.1217782497406, 0.1302330493927, 0.12945747375488, 0.13349008560181, 0.13062047958374, 0.1379885673523, 0.13869500160217, 0.13610172271728, 0.13534092903137, 0.11966490745544, 0.13786220550537, 0.14044427871704, 0.041846036911011, -0.11239504814148, -0.29818058013916, -0.5380129814148, -0.68352746963501, -0.79628586769104, -0.80530023574829, -0.80445718765259, -0.78713810443878, -0.78696227073669, -0.75416195392609, -0.70704305171967, -0.64740526676178, -0.54176139831543
-0.18668937683105, -0.15477705001831, -0.11623430252075, -0.072720289230347, -0.029666900634766, -0.092101097106934, -0.02332329750061, -0.0025625228881836, -0.019832134246826, -0.10082602500916, -0.10576820373535, -0.098023176193237, -0.072740316390991, -0.088576793670654, -0.1487340927124, -0.098678827285767, -0.091455698013306, -0.069431304931641, -0.070092439651489, 0.05565881729126, 0.040251970291138, 0.092115640640259, 0.070616006851196, 0.1195113658905, 0.11051273345947, 0.11508464813232, 0.13371920585632, 0.19994974136353, 0.20684289932251, 0.15060043334961, 0.16748046875, 0.029054880142212, -0.10549092292786, -0.40929305553436, -0.67223060131073, -0.73368763923645, -0.80921590328217, -0.7652268409729, -0.71086931228638, -0.67226755619049, -0.69279325008392, -0.66610538959503, -0.64602184295654, -0.61857676506043, -0.54176139831543
